Datetime,Open,High,Low,Close,Adj Close,Volume
2026-08-03 09:30:00-04:00,530.4299926757812,531.3499755859375,525.010009765625,525.72998046875,525.72998046875,577605
2026-08-03 09:35:00-04:00,525.79638671875,533.6199951171875,525.1500244140625,529.489990234375,529.489990234375,270738
2026-08-03 09:40:00-04:00,529.4400024414062,530.1900024414062,524.8499755859375,527.75,527.75,197337
2026-08-03 09:45:00-04:00,527.7000122070312,528.6998901367188,525.530029296875,526.1420288085938,526.1420288085938,226265
2026-08-03 09:50:00-04:00,526.010009765625,527.0,525.3300170898438,526.7037963867188,526.7037963867188,128486
2026-08-03 09:55:00-04:00,526.969970703125,532.8300170898438,526.4099731445312,532.8200073242188,532.8200073242188,200544
2026-08-03 10:00:00-04:00,532.6500244140625,533.3499755859375,528.9005126953125,530.1599731445312,530.1599731445312,194116
2026-08-03 10:05:00-04:00,530.069580078125,532.510009765625,529.5692138671875,531.8300170898438,531.8300170898438,149472
2026-08-03 10:10:00-04:00,531.8300170898438,534.9000244140625,531.6699829101562,532.530029296875,532.530029296875,247751
2026-08-03 10:15:00-04:00,532.344970703125,535.989990234375,531.7999877929688,535.2750244140625,535.2750244140625,224989
2026-08-03 10:20:00-04:00,535.2349853515625,538.6099853515625,534.6699829101562,538.530029296875,538.530029296875,226919
2026-08-03 10:25:00-04:00,538.5700073242188,539.3699951171875,536.760009765625,538.97998046875,538.97998046875,128119
2026-08-03 10:30:00-04:00,539.1500244140625,540.4199829101562,537.9600219726562,540.25,540.25,363849
2026-08-03 10:35:00-04:00,540.10498046875,541.6699829101562,539.847412109375,540.6749877929688,540.6749877929688,118077
2026-08-03 10:40:00-04:00,540.5499877929688,541.4600219726562,538.6906127929688,539.6900024414062,539.6900024414062,89524
2026-08-03 10:45:00-04:00,539.530029296875,543.0499877929688,538.97998046875,542.5599975585938,542.5599975585938,77977
2026-08-03 10:50:00-04:00,542.6741943359375,545.0700073242188,542.6741943359375,544.219970703125,544.219970703125,74838
2026-08-03 10:55:00-04:00,544.739990234375,545.5999755859375,543.9400024414062,544.760009765625,544.760009765625,72646
2026-08-03 11:00:00-04:00,544.7000122070312,544.8099975585938,543.52001953125,544.8099975585938,544.8099975585938,62403
2026-08-03 11:05:00-04:00,545.010009765625,545.010009765625,541.9005737304688,542.010009765625,542.010009765625,76412
2026-08-03 11:10:00-04:00,541.8699951171875,542.7349853515625,540.7000122070312,541.1599731445312,541.1599731445312,93615
2026-08-03 11:15:00-04:00,541.1199951171875,542.9099731445312,541.090087890625,541.860107421875,541.860107421875,36615
2026-08-03 11:20:00-04:00,542.5900268554688,543.2100219726562,541.0,541.02001953125,541.02001953125,36751
2026-08-03 11:25:00-04:00,540.9500122070312,541.7000122070312,538.3800048828125,538.719970703125,538.719970703125,117307
2026-08-03 11:30:00-04:00,538.7999877929688,541.469970703125,538.5999755859375,540.8099975585938,540.8099975585938,130609
2026-08-03 11:35:00-04:00,540.739990234375,541.139892578125,539.1199951171875,540.0108032226562,540.0108032226562,56213
2026-08-03 11:40:00-04:00,540.0103759765625,541.239990234375,540.0103759765625,541.0499877929688,541.0499877929688,36293
2026-08-03 11:45:00-04:00,541.0700073242188,542.1036987304688,540.8599853515625,541.4650268554688,541.4650268554688,48815
2026-08-03 11:50:00-04:00,541.510009765625,542.8699951171875,540.9000244140625,542.4249877929688,542.4249877929688,61766
2026-08-03 11:55:00-04:00,542.3699951171875,542.5499877929688,541.3402709960938,541.8499755859375,541.8499755859375,50694
2026-08-03 12:00:00-04:00,542.030029296875,542.8798828125,542.030029296875,542.6900024414062,542.6900024414062,37379
2026-08-03 12:05:00-04:00,542.7100219726562,543.3599853515625,542.16748046875,542.7100219726562,542.7100219726562,42769
2026-08-03 12:10:00-04:00,542.8300170898438,542.8800048828125,542.010009765625,542.6300048828125,542.6300048828125,23548
2026-08-03 12:15:00-04:00,542.5701293945312,544.4099731445312,542.5449829101562,544.25,544.25,36061
2026-08-03 12:20:00-04:00,544.3599853515625,544.3599853515625,542.8499755859375,542.9849853515625,542.9849853515625,22447
2026-08-03 12:25:00-04:00,543.2636108398438,543.3400268554688,542.280029296875,542.4083862304688,542.4083862304688,42425
2026-08-03 12:30:00-04:00,542.4000244140625,542.5999755859375,541.5700073242188,542.239990234375,542.239990234375,168657
2026-08-03 12:35:00-04:00,542.2197875976562,542.6300048828125,541.0900268554688,541.4598999023438,541.4598999023438,23138
2026-08-03 12:40:00-04:00,541.22998046875,541.9099731445312,540.6199951171875,541.6849975585938,541.6849975585938,27874
2026-08-03 12:45:00-04:00,541.7100219726562,542.3978881835938,541.6649780273438,541.8099975585938,541.8099975585938,263542
2026-08-03 12:50:00-04:00,541.77001953125,542.4899291992188,541.0601196289062,541.3250122070312,541.3250122070312,94737
2026-08-03 12:55:00-04:00,541.280029296875,542.0496826171875,540.989990234375,541.1199951171875,541.1199951171875,31816
2026-08-03 13:00:00-04:00,541.1900024414062,541.9199829101562,540.8800048828125,541.2766723632812,541.2766723632812,54542
2026-08-03 13:05:00-04:00,541.510009765625,542.5598754882812,541.4000244140625,542.1749877929688,542.1749877929688,26668
2026-08-03 13:10:00-04:00,542.239990234375,543.530029296875,542.2034301757812,543.1900024414062,543.1900024414062,43584
2026-08-03 13:15:00-04:00,543.0399780273438,543.6400146484375,542.9301147460938,543.5850219726562,543.5850219726562,39216
2026-08-03 13:20:00-04:00,543.6900024414062,543.969970703125,543.155029296875,543.8699951171875,543.8699951171875,21989
2026-08-03 13:25:00-04:00,543.780029296875,544.1900024414062,543.5850219726562,543.9871215820312,543.9871215820312,30412
2026-08-03 13:30:00-04:00,544.0499877929688,544.8099975585938,543.8200073242188,544.8099975585938,544.8099975585938,54620
2026-08-03 13:35:00-04:00,544.6400146484375,544.885009765625,544.0499877929688,544.1400146484375,544.1400146484375,54025
2026-08-03 13:40:00-04:00,544.2000122070312,544.75,543.8410034179688,544.4600219726562,544.4600219726562,27569
2026-08-03 13:45:00-04:00,544.4400024414062,545.030029296875,544.3599853515625,545.030029296875,545.030029296875,30759
2026-08-03 13:50:00-04:00,545.0900268554688,545.3599853515625,544.885009765625,545.3099975585938,545.3099975585938,49509
2026-08-03 13:55:00-04:00,545.3800048828125,546.8900146484375,545.3400268554688,546.8399047851562,546.8399047851562,100536
2026-08-03 14:00:00-04:00,546.719970703125,547.6199951171875,546.719970703125,547.5,547.5,61807
2026-08-03 14:05:00-04:00,547.5250244140625,548.0599975585938,547.3300170898438,547.844970703125,547.844970703125,56705
2026-08-03 14:10:00-04:00,547.969970703125,548.489990234375,546.9500122070312,547.2750244140625,547.2750244140625,72933
2026-08-03 14:15:00-04:00,547.2150268554688,548.1400146484375,546.719970703125,546.75048828125,546.75048828125,133677
2026-08-03 14:20:00-04:00,546.8800048828125,546.9000244140625,546.1099853515625,546.2349853515625,546.2349853515625,57718
2026-08-03 14:25:00-04:00,546.2899780273438,546.375,544.72998046875,544.9000244140625,544.9000244140625,41238
2026-08-03 14:30:00-04:00,544.97998046875,545.5900268554688,544.8699951171875,545.1900024414062,545.1900024414062,50929
2026-08-03 14:35:00-04:00,545.0700073242188,545.4949951171875,544.3900146484375,544.510009765625,544.510009765625,26380
2026-08-03 14:40:00-04:00,544.5750122070312,545.489990234375,544.5599975585938,545.4299926757812,545.4299926757812,15810
2026-08-03 14:45:00-04:00,545.530029296875,545.72998046875,544.5700073242188,545.655029296875,545.655029296875,18638
2026-08-03 14:50:00-04:00,545.6699829101562,545.9000244140625,545.1701049804688,545.2650146484375,545.2650146484375,23062
2026-08-03 14:55:00-04:00,545.219970703125,545.3599853515625,544.489990234375,545.125,545.125,44327
2026-08-03 15:00:00-04:00,545.0700073242188,547.0900268554688,545.0700073242188,546.7800903320312,546.7800903320312,52479
2026-08-03 15:05:00-04:00,546.9199829101562,546.9199829101562,545.6500244140625,545.97998046875,545.97998046875,31118
2026-08-03 15:10:00-04:00,545.9299926757812,546.6798706054688,545.2949829101562,545.7000122070312,545.7000122070312,46322
2026-08-03 15:15:00-04:00,545.75,546.5900268554688,545.47998046875,546.4249877929688,546.4249877929688,40406
2026-08-03 15:20:00-04:00,546.510009765625,546.5700073242188,545.9600219726562,546.0549926757812,546.0549926757812,33685
2026-08-03 15:25:00-04:00,545.9949951171875,546.27001953125,545.6300048828125,545.739990234375,545.739990234375,39656
2026-08-03 15:30:00-04:00,545.7100219726562,546.2098999023438,545.1599731445312,545.77001953125,545.77001953125,42140
2026-08-03 15:35:00-04:00,545.8599853515625,546.219970703125,545.3300170898438,545.4000244140625,545.4000244140625,33926
2026-08-03 15:40:00-04:00,545.3699951171875,545.9099731445312,545.125,545.8399047851562,545.8399047851562,40359
2026-08-03 15:45:00-04:00,545.72998046875,546.0700073242188,545.530029296875,545.7000122070312,545.7000122070312,46521
2026-08-03 15:50:00-04:00,545.7899780273438,546.4199829101562,545.0,545.239990234375,545.239990234375,128143
2026-08-03 15:55:00-04:00,545.1699829101562,545.9400024414062,544.4099731445312,545.5305786132812,545.5305786132812,288695
2026-08-04 09:30:00-04:00,564.2919921875,567.280029296875,562.280029296875,566.5449829101562,566.5449829101562,649849
2026-08-04 09:35:00-04:00,566.7000122070312,568.47998046875,565.5999755859375,566.5999755859375,566.5999755859375,309027
2026-08-04 09:40:00-04:00,566.7000122070312,569.6199951171875,566.6599731445312,568.2349243164062,568.2349243164062,211234
2026-08-04 09:45:00-04:00,568.3099975585938,570.1500244140625,568.239990234375,569.0549926757812,569.0549926757812,230647
2026-08-04 09:50:00-04:00,569.5,570.7999877929688,569.0,570.2899780273438,570.2899780273438,231915
2026-08-04 09:55:00-04:00,570.0,570.239990234375,566.010009765625,566.9500122070312,566.9500122070312,199497
2026-08-04 10:00:00-04:00,566.77001953125,568.5900268554688,565.75,567.9010009765625,567.9010009765625,170050
2026-08-04 10:05:00-04:00,567.9000244140625,569.5598754882812,567.3499755859375,567.9550170898438,567.9550170898438,150777
2026-08-04 10:10:00-04:00,567.844970703125,568.9550170898438,567.0599975585938,568.6699829101562,568.6699829101562,84275
2026-08-04 10:15:00-04:00,568.5399780273438,568.8200073242188,566.0,566.8800048828125,566.8800048828125,148260
2026-08-04 10:20:00-04:00,567.0,567.280029296875,565.271484375,566.4400024414062,566.4400024414062,83921
2026-08-04 10:25:00-04:00,566.7224731445312,568.9398803710938,566.3900146484375,568.6900024414062,568.6900024414062,80755
2026-08-04 10:30:00-04:00,568.6699829101562,568.8200073242188,567.4600219726562,567.5499877929688,567.5499877929688,158592
2026-08-04 10:35:00-04:00,567.510009765625,568.7899780273438,567.155029296875,567.7050170898438,567.7050170898438,101479
2026-08-04 10:40:00-04:00,567.9199829101562,568.77001953125,567.5,568.77001953125,568.77001953125,57903
2026-08-04 10:45:00-04:00,568.6749877929688,569.239990234375,567.8400268554688,569.0900268554688,569.0900268554688,83761
2026-08-04 10:50:00-04:00,568.97998046875,569.5499877929688,567.851806640625,568.4299926757812,568.4299926757812,55088
2026-08-04 10:55:00-04:00,568.3099975585938,568.8049926757812,567.4099731445312,568.6400146484375,568.6400146484375,68821
2026-08-04 11:00:00-04:00,568.5499877929688,570.0700073242188,568.3699951171875,569.8640747070312,569.8640747070312,101932
2026-08-04 11:05:00-04:00,569.7999877929688,570.2999267578125,569.2999877929688,570.2050170898438,570.2050170898438,164069
2026-08-04 11:10:00-04:00,570.25,572.1500244140625,569.9650268554688,571.9949951171875,571.9949951171875,169014
2026-08-04 11:15:00-04:00,571.9299926757812,572.1199951171875,571.2999877929688,571.8400268554688,571.8400268554688,74021
2026-08-04 11:20:00-04:00,571.8300170898438,572.4500122070312,571.530029296875,571.6599731445312,571.6599731445312,69268
2026-08-04 11:25:00-04:00,571.655029296875,571.885009765625,570.780029296875,570.969970703125,570.969970703125,71153
2026-08-04 11:30:00-04:00,570.8300170898438,571.25,570.630126953125,570.8300170898438,570.8300170898438,38862
2026-08-04 11:35:00-04:00,571.0250244140625,572.5599975585938,570.8621826171875,572.0900268554688,572.0900268554688,82149
2026-08-04 11:40:00-04:00,572.1699829101562,573.2150268554688,571.969970703125,573.1699829101562,573.1699829101562,68845
2026-08-04 11:45:00-04:00,573.1950073242188,573.3699951171875,572.8101196289062,573.1900024414062,573.1900024414062,71525
2026-08-04 11:50:00-04:00,573.114990234375,573.4500122070312,572.7899780273438,572.7899780273438,572.7899780273438,76761
2026-08-04 11:55:00-04:00,572.7999877929688,573.27001953125,572.280029296875,572.47998046875,572.47998046875,50184
2026-08-04 12:00:00-04:00,572.47998046875,573.6599731445312,572.4099731445312,573.1699829101562,573.1699829101562,65717
2026-08-04 12:05:00-04:00,573.188720703125,573.5999755859375,572.4299926757812,572.4299926757812,572.4299926757812,61194
2026-08-04 12:10:00-04:00,572.469970703125,572.72998046875,571.780029296875,572.1699829101562,572.1699829101562,51016
2026-08-04 12:15:00-04:00,572.2050170898438,573.9349975585938,572.0,573.6799926757812,573.6799926757812,101291
2026-08-04 12:20:00-04:00,573.6300048828125,574.0800170898438,573.364990234375,573.5700073242188,573.5700073242188,66028
2026-08-04 12:25:00-04:00,573.5499877929688,573.5900268554688,573.030029296875,573.0850219726562,573.0850219726562,39358
2026-08-04 12:30:00-04:00,573.1400146484375,573.8400268554688,572.719970703125,573.6389770507812,573.6389770507812,38860
2026-08-04 12:35:00-04:00,573.6649780273438,573.7899780273438,573.0421142578125,573.4299926757812,573.4299926757812,59720
2026-08-04 12:40:00-04:00,573.3300170898438,573.7000122070312,573.0,573.489990234375,573.489990234375,62657
2026-08-04 12:45:00-04:00,573.4949951171875,574.3400268554688,573.4000244140625,574.0650024414062,574.0650024414062,69799
2026-08-04 12:50:00-04:00,574.1199951171875,574.2000122070312,573.6400146484375,573.8250122070312,573.8250122070312,67213
2026-08-04 12:55:00-04:00,573.8900146484375,574.2849731445312,573.469970703125,574.2849731445312,574.2849731445312,38145
2026-08-04 13:00:00-04:00,574.3399047851562,575.0399780273438,574.2100219726562,574.9650268554688,574.9650268554688,84379
2026-08-04 13:05:00-04:00,574.9000244140625,575.564208984375,574.77001953125,575.1495971679688,575.1495971679688,47539
2026-08-04 13:10:00-04:00,575.010009765625,575.4000244140625,574.77001953125,575.2000122070312,575.2000122070312,48508
2026-08-04 13:15:00-04:00,575.2249755859375,575.3900146484375,574.760009765625,574.8900146484375,574.8900146484375,69786
2026-08-04 13:20:00-04:00,574.9500122070312,575.3994140625,574.5599975585938,575.35498046875,575.35498046875,46130
2026-08-04 13:25:00-04:00,575.3599853515625,576.280029296875,575.25,575.8699951171875,575.8699951171875,51266
2026-08-04 13:30:00-04:00,575.8400268554688,575.9500122070312,575.27001953125,575.7899780273438,575.7899780273438,47055
2026-08-04 13:35:00-04:00,576.0,576.5800170898438,575.8300170898438,576.4000244140625,576.4000244140625,50343
2026-08-04 13:40:00-04:00,576.3900146484375,576.6699829101562,576.1900024414062,576.5650024414062,576.5650024414062,53388
2026-08-04 13:45:00-04:00,576.6400146484375,577.7449951171875,576.6400146484375,577.0999755859375,577.0999755859375,63556
2026-08-04 13:50:00-04:00,577.1799926757812,577.2449951171875,575.8499755859375,576.2150268554688,576.2150268554688,47652
2026-08-04 13:55:00-04:00,576.0900268554688,576.4299926757812,575.4099731445312,575.4600219726562,575.4600219726562,44380
2026-08-04 14:00:00-04:00,575.4000244140625,575.989990234375,574.4550170898438,574.4949951171875,574.4949951171875,88021
2026-08-04 14:05:00-04:00,574.3699951171875,575.5,574.0,575.2650146484375,575.2650146484375,53161
2026-08-04 14:10:00-04:00,575.3499755859375,575.7150268554688,574.614990234375,575.7150268554688,575.7150268554688,34622
2026-08-04 14:15:00-04:00,575.719970703125,576.4099731445312,575.64501953125,576.2100219726562,576.2100219726562,59220
2026-08-04 14:20:00-04:00,576.0999755859375,576.9000244140625,576.0700073242188,576.5449829101562,576.5449829101562,63946
2026-08-04 14:25:00-04:00,576.5999755859375,576.9099731445312,576.2000122070312,576.8699951171875,576.8699951171875,40905
2026-08-04 14:30:00-04:00,576.8499755859375,577.489990234375,576.5999755859375,576.7000122070312,576.7000122070312,80047
2026-08-04 14:35:00-04:00,576.719970703125,576.909912109375,576.1104125976562,576.4199829101562,576.4199829101562,93773
2026-08-04 14:40:00-04:00,576.2999877929688,576.5,575.7100219726562,576.135009765625,576.135009765625,53633
2026-08-04 14:45:00-04:00,576.1400146484375,577.4390258789062,576.1400146484375,577.114990234375,577.114990234375,51515
2026-08-04 14:50:00-04:00,577.0399780273438,577.4771118164062,576.8599853515625,576.969970703125,576.969970703125,41376
2026-08-04 14:55:00-04:00,577.0999755859375,577.4600219726562,576.8699951171875,577.2750244140625,577.2750244140625,52597
2026-08-04 15:00:00-04:00,577.3300170898438,578.47998046875,577.1300048828125,578.0499877929688,578.0499877929688,125679
2026-08-04 15:05:00-04:00,578.0999755859375,578.489990234375,577.5800170898438,578.4199829101562,578.4199829101562,115182
2026-08-04 15:10:00-04:00,578.3599853515625,578.489013671875,577.7000122070312,577.780029296875,577.780029296875,139762
2026-08-04 15:15:00-04:00,577.8200073242188,578.5999755859375,577.594970703125,578.5599975585938,578.5599975585938,67219
2026-08-04 15:20:00-04:00,578.5800170898438,578.5999755859375,577.6430053710938,577.6599731445312,577.6599731445312,88118
2026-08-04 15:25:00-04:00,577.7000122070312,578.0336303710938,576.739990234375,577.2000122070312,577.2000122070312,95419
2026-08-04 15:30:00-04:00,577.1900024414062,577.1900024414062,576.2999877929688,576.7000122070312,576.7000122070312,102339
2026-08-04 15:35:00-04:00,576.8499755859375,577.5499877929688,576.6099853515625,577.3699951171875,577.3699951171875,122096
2026-08-04 15:40:00-04:00,577.3499755859375,577.9299926757812,577.25,577.8800048828125,577.8800048828125,152947
2026-08-04 15:45:00-04:00,577.885009765625,578.0,576.9400024414062,576.9400024414062,576.9400024414062,154037
2026-08-04 15:50:00-04:00,577.010009765625,577.5900268554688,575.6599731445312,575.6799926757812,575.6799926757812,387025
2026-08-04 15:55:00-04:00,575.6900024414062,577.25,575.3800048828125,575.5399780273438,575.5399780273438,796268
2026-08-05 09:30:00-04:00,574.4099731445312,577.7899780273438,573.8250122070312,576.9099731445312,576.9099731445312,467399
2026-08-05 09:35:00-04:00,577.219970703125,578.5700073242188,573.9005737304688,577.9299926757812,577.9299926757812,186961
2026-08-05 09:40:00-04:00,577.8300170898438,581.1699829101562,577.25,580.5275268554688,580.5275268554688,137362
2026-08-05 09:45:00-04:00,580.4650268554688,584.530029296875,580.0800170898438,584.239990234375,584.239990234375,198313
2026-08-05 09:50:00-04:00,584.6300048828125,585.0,580.6099853515625,582.6300048828125,582.6300048828125,130407
2026-08-05 09:55:00-04:00,582.469970703125,583.8300170898438,580.780029296875,583.260009765625,583.260009765625,117015
2026-08-05 10:00:00-04:00,582.739990234375,583.0250244140625,576.6702270507812,578.030029296875,578.030029296875,209099
2026-08-05 10:05:00-04:00,578.5700073242188,581.4199829101562,578.5700073242188,579.969970703125,579.969970703125,115697
2026-08-05 10:10:00-04:00,579.9450073242188,580.8300170898438,578.5399780273438,579.260009765625,579.260009765625,62229
2026-08-05 10:15:00-04:00,579.02001953125,580.3599853515625,577.9849853515625,577.9849853515625,577.9849853515625,58871
2026-08-05 10:20:00-04:00,577.9650268554688,578.02001953125,574.260009765625,576.5999755859375,576.5999755859375,135109
2026-08-05 10:25:00-04:00,576.6599731445312,577.719970703125,575.0700073242188,575.27001953125,575.27001953125,69717
2026-08-05 10:30:00-04:00,575.030029296875,575.22998046875,571.9100952148438,572.625,572.625,117217
2026-08-05 10:35:00-04:00,572.6099853515625,574.126708984375,570.6500244140625,570.7999877929688,570.7999877929688,229886
2026-08-05 10:40:00-04:00,570.6599731445312,572.3300170898438,570.2100219726562,571.8200073242188,571.8200073242188,70478
2026-08-05 10:45:00-04:00,571.72998046875,573.969970703125,570.6199951171875,573.2100219726562,573.2100219726562,82284
2026-08-05 10:50:00-04:00,573.2449951171875,573.6699829101562,568.3800048828125,570.1599731445312,570.1599731445312,117582
2026-08-05 10:55:00-04:00,570.219970703125,572.1199951171875,569.3001098632812,571.1799926757812,571.1799926757812,82905
2026-08-05 11:00:00-04:00,571.2550048828125,572.5900268554688,570.6300048828125,571.1500244140625,571.1500244140625,53372
2026-08-05 11:05:00-04:00,571.3099975585938,573.6099853515625,570.739990234375,573.1300048828125,573.1300048828125,48666
2026-08-05 11:10:00-04:00,573.1199951171875,573.969970703125,571.77001953125,572.1900024414062,572.1900024414062,42417
2026-08-05 11:15:00-04:00,572.260009765625,572.8499755859375,570.510009765625,572.8099975585938,572.8099975585938,99687
2026-08-05 11:20:00-04:00,572.8499755859375,573.0900268554688,571.5999755859375,571.875,571.875,28634
2026-08-05 11:25:00-04:00,571.7449951171875,573.1300048828125,571.239990234375,572.260009765625,572.260009765625,44967
2026-08-05 11:30:00-04:00,572.3499755859375,575.0,572.3499755859375,573.530029296875,573.530029296875,65733
2026-08-05 11:35:00-04:00,573.89501953125,575.9000244140625,573.89501953125,575.469970703125,575.469970703125,42725
2026-08-05 11:40:00-04:00,575.5349731445312,575.9293212890625,574.2000122070312,574.4000244140625,574.4000244140625,36683
2026-08-05 11:45:00-04:00,574.39501953125,575.1099853515625,573.0399780273438,574.02001953125,574.02001953125,40038
2026-08-05 11:50:00-04:00,574.1599731445312,574.5850219726562,572.8699951171875,573.2150268554688,573.2150268554688,41755
2026-08-05 11:55:00-04:00,573.0191040039062,573.0399780273438,570.7901000976562,571.8150024414062,571.8150024414062,58887
2026-08-05 12:00:00-04:00,571.7949829101562,574.5,571.780029296875,573.97998046875,573.97998046875,36646
2026-08-05 12:05:00-04:00,573.8800048828125,574.7420043945312,572.739990234375,573.5999755859375,573.5999755859375,36480
2026-08-05 12:10:00-04:00,573.5700073242188,574.0599975585938,572.989990234375,574.0599975585938,574.0599975585938,20186
2026-08-05 12:15:00-04:00,573.9450073242188,575.4000244140625,573.8099975585938,573.9099731445312,573.9099731445312,32119
2026-08-05 12:20:00-04:00,573.8792114257812,576.0599975585938,573.8792114257812,575.7949829101562,575.7949829101562,43337
2026-08-05 12:25:00-04:00,575.8900146484375,577.9199829101562,575.8900146484375,577.7999877929688,577.7999877929688,78735
2026-08-05 12:30:00-04:00,577.7999877929688,578.1400146484375,575.72998046875,576.5800170898438,576.5800170898438,60093
2026-08-05 12:35:00-04:00,576.5892944335938,577.2000122070312,575.590087890625,576.9000244140625,576.9000244140625,24224
2026-08-05 12:40:00-04:00,577.2000122070312,578.0,576.6599731445312,576.6599731445312,576.6599731445312,35730
2026-08-05 12:45:00-04:00,576.47998046875,577.719970703125,576.1400146484375,576.9650268554688,576.9650268554688,21017
2026-08-05 12:50:00-04:00,576.7999877929688,577.8800048828125,576.7899780273438,577.7100219726562,577.7100219726562,30740
2026-08-05 12:55:00-04:00,577.6799926757812,577.6900024414062,577.1400146484375,577.2849731445312,577.2849731445312,33876
2026-08-05 13:00:00-04:00,577.1599731445312,577.5449829101562,575.6649780273438,575.8099975585938,575.8099975585938,37860
2026-08-05 13:05:00-04:00,575.7349853515625,576.030029296875,574.8499755859375,575.0499877929688,575.0499877929688,39831
2026-08-05 13:10:00-04:00,575.1300048828125,575.9199829101562,574.4500122070312,575.3499755859375,575.3499755859375,19700
2026-08-05 13:15:00-04:00,575.1099853515625,575.5599975585938,574.5499877929688,574.760009765625,574.760009765625,30794
2026-08-05 13:20:00-04:00,574.6799926757812,575.22998046875,574.22998046875,575.1849975585938,575.1849975585938,65331
2026-08-05 13:25:00-04:00,575.2999877929688,575.8099975585938,574.6599731445312,574.719970703125,574.719970703125,26877
2026-08-05 13:30:00-04:00,574.530029296875,575.5499877929688,574.2899780273438,574.8198852539062,574.8198852539062,19514
2026-08-05 13:35:00-04:00,574.7899780273438,575.2949829101562,574.7000122070312,575.0999755859375,575.0999755859375,25386
2026-08-05 13:40:00-04:00,574.9600219726562,575.5700073242188,574.9600219726562,575.1900024414062,575.1900024414062,11852
2026-08-05 13:45:00-04:00,575.0592041015625,575.6900024414062,574.239990234375,575.4199829101562,575.4199829101562,32485
2026-08-05 13:50:00-04:00,575.4149780273438,575.8150024414062,574.9600219726562,574.97998046875,574.97998046875,44279
2026-08-05 13:55:00-04:00,575.010009765625,575.739990234375,574.6300048828125,575.39501953125,575.39501953125,96401
2026-08-05 14:00:00-04:00,575.3699951171875,576.3400268554688,575.3200073242188,576.2000122070312,576.2000122070312,40595
2026-08-05 14:05:00-04:00,576.2000122070312,576.2000122070312,575.1799926757812,575.6300048828125,575.6300048828125,30360
2026-08-05 14:10:00-04:00,575.6500244140625,576.0659790039062,574.9692993164062,575.1300048828125,575.1300048828125,21724
2026-08-05 14:15:00-04:00,574.8699951171875,575.9500122070312,574.77001953125,575.739990234375,575.739990234375,29268
2026-08-05 14:20:00-04:00,575.7100219726562,576.1400146484375,575.5150146484375,575.9299926757812,575.9299926757812,35755
2026-08-05 14:25:00-04:00,575.9600219726562,576.5599975585938,575.9600219726562,576.25,576.25,24115
2026-08-05 14:30:00-04:00,576.219970703125,576.2899780273438,574.5700073242188,575.1199951171875,575.1199951171875,58063
2026-08-05 14:35:00-04:00,574.9849853515625,575.8800048828125,574.9849853515625,575.2000122070312,575.2000122070312,45210
2026-08-05 14:40:00-04:00,575.1199951171875,575.5399780273438,575.02001953125,575.3078002929688,575.3078002929688,15387
2026-08-05 14:45:00-04:00,575.25,576.530029296875,575.1500244140625,576.1300048828125,576.1300048828125,17559
2026-08-05 14:50:00-04:00,575.9199829101562,576.1699829101562,575.4299926757812,575.5599975585938,575.5599975585938,21004
2026-08-05 14:55:00-04:00,575.5650024414062,575.5900268554688,574.9000244140625,575.22998046875,575.22998046875,77760
2026-08-05 15:00:00-04:00,575.3099975585938,577.22998046875,575.1799926757812,576.9500122070312,576.9500122070312,74082
2026-08-05 15:05:00-04:00,576.97998046875,577.52001953125,576.6849975585938,577.0499877929688,577.0499877929688,33821
2026-08-05 15:10:00-04:00,577.1400146484375,577.719970703125,576.6716918945312,577.719970703125,577.719970703125,19017
2026-08-05 15:15:00-04:00,577.7000122070312,577.72998046875,577.0999755859375,577.1099853515625,577.1099853515625,26435
2026-08-05 15:20:00-04:00,577.239990234375,577.6898803710938,577.0800170898438,577.3350219726562,577.3350219726562,24879
2026-08-05 15:25:00-04:00,577.3699951171875,578.369873046875,577.2000122070312,577.6699829101562,577.6699829101562,46539
2026-08-05 15:30:00-04:00,577.6749877929688,577.989990234375,575.5499877929688,575.8900146484375,575.8900146484375,91483
2026-08-05 15:35:00-04:00,575.9299926757812,576.75732421875,575.3118286132812,575.9650268554688,575.9650268554688,73006
2026-08-05 15:40:00-04:00,575.9849853515625,576.8099975585938,574.6199951171875,574.9299926757812,574.9299926757812,60418
2026-08-05 15:45:00-04:00,575.0999755859375,575.25,573.9299926757812,575.030029296875,575.030029296875,50909
2026-08-05 15:50:00-04:00,575.1699829101562,575.7100219726562,573.6699829101562,574.14501953125,574.14501953125,217803
2026-08-05 15:55:00-04:00,574.0900268554688,574.14501953125,569.8350219726562,570.489990234375,570.489990234375,535855
2026-08-06 09:30:00-04:00,565.0900268554688,565.4749755859375,559.5599975585938,564.405029296875,564.405029296875,376612
2026-08-06 09:35:00-04:00,564.8099975585938,568.3599853515625,563.75,566.60498046875,566.60498046875,125478
2026-08-06 09:40:00-04:00,566.2999877929688,570.6898803710938,566.010009765625,570.1400146484375,570.1400146484375,114553
2026-08-06 09:45:00-04:00,570.4199829101562,574.0399780273438,569.6099853515625,573.4500122070312,573.4500122070312,135110
2026-08-06 09:50:00-04:00,573.6199951171875,574.0050048828125,571.1599731445312,571.3599853515625,571.3599853515625,124350
2026-08-06 09:55:00-04:00,571.510009765625,574.25,571.010009765625,573.6900024414062,573.6900024414062,104225
2026-08-06 10:00:00-04:00,574.1500244140625,574.77001953125,572.3049926757812,573.5800170898438,573.5800170898438,121921
2026-08-06 10:05:00-04:00,573.6900024414062,577.3900146484375,573.4299926757812,577.2999877929688,577.2999877929688,149708
2026-08-06 10:10:00-04:00,577.3101196289062,579.47998046875,577.2999877929688,578.4650268554688,578.4650268554688,187795
2026-08-06 10:15:00-04:00,578.4000244140625,580.3782958984375,577.489990234375,578.8602905273438,578.8602905273438,146971
2026-08-06 10:20:00-04:00,578.9450073242188,580.4299926757812,578.47998046875,579.0599975585938,579.0599975585938,148614
2026-08-06 10:25:00-04:00,579.0850219726562,579.219970703125,576.4099731445312,576.7849731445312,576.7849731445312,94086
2026-08-06 10:30:00-04:00,577.030029296875,579.5,576.3150024414062,579.1849975585938,579.1849975585938,92833
2026-08-06 10:35:00-04:00,579.02001953125,580.219970703125,575.530029296875,575.594970703125,575.594970703125,84125
2026-08-06 10:40:00-04:00,575.4400024414062,577.885009765625,575.4199829101562,576.3400268554688,576.3400268554688,76262
2026-08-06 10:45:00-04:00,576.4199829101562,576.530029296875,573.7420043945312,575.7100219726562,575.7100219726562,95646
2026-08-06 10:50:00-04:00,575.5999755859375,577.2650146484375,575.0499877929688,577.2650146484375,577.2650146484375,71655
2026-08-06 10:55:00-04:00,577.4000244140625,578.4500122070312,576.4500122070312,578.3800048828125,578.3800048828125,44464
2026-08-06 11:00:00-04:00,578.4600219726562,579.1699829101562,576.239990234375,576.7100219726562,576.7100219726562,78192
2026-08-06 11:05:00-04:00,576.9400024414062,579.6699829101562,576.9400024414062,579.1400146484375,579.1400146484375,69709
2026-08-06 11:10:00-04:00,579.1325073242188,580.0800170898438,578.8099975585938,578.9500122070312,578.9500122070312,76506
2026-08-06 11:15:00-04:00,579.010009765625,579.8200073242188,577.2949829101562,577.3699951171875,577.3699951171875,89572
2026-08-06 11:20:00-04:00,577.375,578.5700073242188,576.8900146484375,577.3099975585938,577.3099975585938,44171
2026-08-06 11:25:00-04:00,577.3790283203125,578.4000244140625,577.0999755859375,577.7000122070312,577.7000122070312,33186
2026-08-06 11:30:00-04:00,578.0650024414062,578.989990234375,575.9600219726562,576.094970703125,576.094970703125,34254
2026-08-06 11:35:00-04:00,576.219970703125,577.2130737304688,575.3619995117188,576.4650268554688,576.4650268554688,27359
2026-08-06 11:40:00-04:00,576.3200073242188,577.2780151367188,574.7100219726562,574.7100219726562,574.7100219726562,24647
2026-08-06 11:45:00-04:00,574.7100219726562,578.019287109375,574.7100219726562,577.155029296875,577.155029296875,44363
2026-08-06 11:50:00-04:00,577.2999877929688,578.4266967773438,575.0,575.3900146484375,575.3900146484375,58999
2026-08-06 11:55:00-04:00,575.1699829101562,576.6389770507812,574.7000122070312,574.9400024414062,574.9400024414062,36930
2026-08-06 12:00:00-04:00,575.1099853515625,575.3400268554688,573.3499755859375,574.094970703125,574.094970703125,74345
2026-08-06 12:05:00-04:00,574.280029296875,576.2000122070312,573.969970703125,575.5499877929688,575.5499877929688,144783
2026-08-06 12:10:00-04:00,575.6500244140625,576.3400268554688,574.030029296875,574.114990234375,574.114990234375,42305
2026-08-06 12:15:00-04:00,574.2100219726562,574.8200073242188,572.7999877929688,574.239990234375,574.239990234375,58703
2026-08-06 12:20:00-04:00,574.030029296875,574.030029296875,571.7000122070312,573.2100219726562,573.2100219726562,94294
2026-08-06 12:25:00-04:00,573.6400146484375,573.8298950195312,572.4400024414062,572.4400024414062,572.4400024414062,83690
2026-08-06 12:30:00-04:00,572.4400024414062,574.3049926757812,572.25,573.3900146484375,573.3900146484375,43239
2026-08-06 12:35:00-04:00,573.489990234375,575.489990234375,573.1900024414062,575.489990234375,575.489990234375,31653
2026-08-06 12:40:00-04:00,575.6500244140625,575.9299926757812,574.5499877929688,574.5499877929688,574.5499877929688,28376
2026-08-06 12:45:00-04:00,574.4600219726562,576.0,574.0900268554688,576.0,576.0,45521
2026-08-06 12:50:00-04:00,576.2449951171875,577.1224975585938,575.3499755859375,575.47998046875,575.47998046875,163322
2026-08-06 12:55:00-04:00,575.4749755859375,577.3900146484375,575.3499755859375,577.3300170898438,577.3300170898438,42137
2026-08-06 13:00:00-04:00,577.2000122070312,577.8900146484375,576.780029296875,576.7999877929688,576.7999877929688,35794
2026-08-06 13:05:00-04:00,576.6900024414062,577.9000244140625,576.6199951171875,577.39501953125,577.39501953125,27663
2026-08-06 13:10:00-04:00,576.969970703125,577.3798828125,576.1400146484375,576.2100219726562,576.2100219726562,48152
2026-08-06 13:15:00-04:00,576.2000122070312,577.0750122070312,575.619873046875,576.8350219726562,576.8350219726562,52612
2026-08-06 13:20:00-04:00,576.8499755859375,577.0,575.621826171875,575.77001953125,575.77001953125,46158
2026-08-06 13:25:00-04:00,575.77001953125,576.969970703125,575.77001953125,575.97998046875,575.97998046875,53207
2026-08-06 13:30:00-04:00,575.6799926757812,576.4299926757812,575.6699829101562,575.8400268554688,575.8400268554688,43783
2026-08-06 13:35:00-04:00,575.8250122070312,576.2650146484375,575.3099975585938,575.3099975585938,575.3099975585938,28817
2026-08-06 13:40:00-04:00,575.4600219726562,575.7125244140625,574.2100219726562,574.7476806640625,574.7476806640625,90264
2026-08-06 13:45:00-04:00,574.8350219726562,575.239990234375,574.3699951171875,574.5,574.5,44103
2026-08-06 13:50:00-04:00,574.47998046875,575.5999755859375,574.3099975585938,575.4224853515625,575.4224853515625,68432
2026-08-06 13:55:00-04:00,575.39501953125,575.905029296875,575.0399780273438,575.7999877929688,575.7999877929688,49852
2026-08-06 14:00:00-04:00,575.8699951171875,576.2000122070312,574.9000244140625,575.739990234375,575.739990234375,36635
2026-08-06 14:05:00-04:00,575.5900268554688,575.9099731445312,574.9400024414062,575.75,575.75,42841
2026-08-06 14:10:00-04:00,575.6950073242188,576.1400146484375,575.1099853515625,576.10498046875,576.10498046875,40316
2026-08-06 14:15:00-04:00,576.2449951171875,579.9400024414062,574.0399780273438,577.155029296875,577.155029296875,183192
2026-08-06 14:20:00-04:00,577.094970703125,578.1300048828125,576.8400268554688,577.6199951171875,577.6199951171875,28315
2026-08-06 14:25:00-04:00,577.52001953125,577.6799926757812,576.5700073242188,577.1500244140625,577.1500244140625,21964
2026-08-06 14:30:00-04:00,577.1699829101562,577.3300170898438,575.9400024414062,576.0999755859375,576.0999755859375,17710
2026-08-06 14:35:00-04:00,575.860107421875,576.5499877929688,575.7899780273438,575.8699951171875,575.8699951171875,18148
2026-08-06 14:40:00-04:00,575.9349975585938,576.0599975585938,575.0449829101562,576.010009765625,576.010009765625,11666
2026-08-06 14:45:00-04:00,575.8800048828125,576.594970703125,575.1600952148438,575.1600952148438,575.1600952148438,20038
2026-08-06 14:50:00-04:00,575.2000122070312,575.6099853515625,575.0399780273438,575.5549926757812,575.5549926757812,20329
2026-08-06 14:55:00-04:00,575.489990234375,576.1900024414062,575.4000244140625,575.4600219726562,575.4600219726562,24876
2026-08-06 15:00:00-04:00,575.5800170898438,577.5650024414062,575.240478515625,577.5650024414062,577.5650024414062,23643
2026-08-06 15:05:00-04:00,577.52001953125,577.6900024414062,575.885009765625,577.280029296875,577.280029296875,18544
2026-08-06 15:10:00-04:00,577.3300170898438,577.5399780273438,575.7899780273438,575.8400268554688,575.8400268554688,13388
2026-08-06 15:15:00-04:00,575.7000122070312,575.9349975585938,575.4199829101562,575.5050048828125,575.5050048828125,34433
2026-08-06 15:20:00-04:00,575.6599731445312,576.5700073242188,574.5900268554688,574.5900268554688,574.5900268554688,27170
2026-08-06 15:25:00-04:00,574.489990234375,575.4619140625,574.1199951171875,574.4949951171875,574.4949951171875,101943
2026-08-06 15:30:00-04:00,574.8800048828125,575.8800048828125,573.5900268554688,575.6649780273438,575.6649780273438,51708
2026-08-06 15:35:00-04:00,575.6400146484375,575.6400146484375,574.530029296875,574.6199951171875,574.6199951171875,97389
2026-08-06 15:40:00-04:00,574.5599975585938,574.8499755859375,574.1900024414062,574.3674926757812,574.3674926757812,34542
2026-08-06 15:45:00-04:00,574.39501953125,574.5250244140625,573.969970703125,574.4099731445312,574.4099731445312,78012
2026-08-06 15:50:00-04:00,574.280029296875,574.5499877929688,573.0,574.1317749023438,574.1317749023438,191178
2026-08-06 15:55:00-04:00,574.1199951171875,574.1300048828125,571.25,571.4600219726562,571.4600219726562,278899
2026-08-07 09:30:00-04:00,584.0,586.0900268554688,581.844970703125,585.4949951171875,585.4949951171875,641540
2026-08-07 09:35:00-04:00,585.489990234375,585.5850219726562,580.5399780273438,582.0599975585938,582.0599975585938,149884
2026-08-07 09:40:00-04:00,581.8599853515625,585.030029296875,580.9600219726562,584.7999877929688,584.7999877929688,119620
2026-08-07 09:45:00-04:00,584.530029296875,585.4949951171875,581.6300048828125,583.4099731445312,583.4099731445312,114314
2026-08-07 09:50:00-04:00,583.4000244140625,584.0499877929688,581.4400024414062,581.7999877929688,581.7999877929688,89616
2026-08-07 09:55:00-04:00,581.7899780273438,582.030029296875,577.1900024414062,578.4450073242188,578.4450073242188,272151
2026-08-07 10:00:00-04:00,578.27001953125,578.75,574.4500122070312,574.4500122070312,574.4500122070312,154936
2026-08-07 10:05:00-04:00,574.4550170898438,578.1900024414062,573.9400024414062,575.8499755859375,575.8499755859375,165949
2026-08-07 10:10:00-04:00,575.844970703125,576.280029296875,572.5750122070312,573.280029296875,573.280029296875,201784
2026-08-07 10:15:00-04:00,573.0399780273438,578.040771484375,572.3300170898438,577.7028198242188,577.7028198242188,136917
2026-08-07 10:20:00-04:00,577.989990234375,578.5050048828125,575.8300170898438,576.5399780273438,576.5399780273438,115015
2026-08-07 10:25:00-04:00,576.52001953125,580.6400146484375,576.5150146484375,579.3099975585938,579.3099975585938,375404
2026-08-07 10:30:00-04:00,579.3300170898438,579.3300170898438,577.1300048828125,577.969970703125,577.969970703125,97190
2026-08-07 10:35:00-04:00,577.9921875,578.530029296875,576.0,576.1749877929688,576.1749877929688,68640
2026-08-07 10:40:00-04:00,576.0999755859375,577.14501953125,574.5599975585938,575.0,575.0,106045
2026-08-07 10:45:00-04:00,574.739990234375,577.5900268554688,574.6300048828125,577.0499877929688,577.0499877929688,60161
2026-08-07 10:50:00-04:00,576.9000244140625,577.8292846679688,575.2899780273438,575.8900146484375,575.8900146484375,53442
2026-08-07 10:55:00-04:00,576.0399780273438,577.5,575.780029296875,576.8200073242188,576.8200073242188,39062
2026-08-07 11:00:00-04:00,576.8499755859375,578.969970703125,576.510009765625,578.5999755859375,578.5999755859375,33830
2026-08-07 11:05:00-04:00,578.60498046875,579.8300170898438,578.3800048828125,578.9299926757812,578.9299926757812,58874
2026-08-07 11:10:00-04:00,578.9349975585938,579.8300170898438,578.5,578.75,578.75,39293
2026-08-07 11:15:00-04:00,578.75,579.3599243164062,577.9749755859375,579.07373046875,579.07373046875,26198
2026-08-07 11:20:00-04:00,579.1300048828125,580.3997192382812,578.6900024414062,580.2000122070312,580.2000122070312,55953
2026-08-07 11:25:00-04:00,580.2000122070312,581.7899169921875,580.2000122070312,581.0700073242188,581.0700073242188,84995
2026-08-07 11:30:00-04:00,581.1500244140625,582.4500122070312,581.1500244140625,582.3200073242188,582.3200073242188,197975
2026-08-07 11:35:00-04:00,582.3099975585938,582.3499755859375,580.7150268554688,581.0,581.0,54858
2026-08-07 11:40:00-04:00,581.1900024414062,581.7000122070312,579.6900024414062,580.4099731445312,580.4099731445312,50593
2026-08-07 11:45:00-04:00,580.4249877929688,582.0,580.260009765625,581.9299926757812,581.9299926757812,65422
2026-08-07 11:50:00-04:00,581.9998779296875,582.3900146484375,580.4000244140625,580.9000244140625,580.9000244140625,39782
2026-08-07 11:55:00-04:00,581.0999755859375,581.6900024414062,580.9000244140625,581.6199951171875,581.6199951171875,55619
2026-08-07 12:00:00-04:00,581.7100219726562,581.9600219726562,581.010009765625,581.9299926757812,581.9299926757812,47825
2026-08-07 12:05:00-04:00,581.9349975585938,582.5399780273438,581.7999877929688,582.3099975585938,582.3099975585938,49849
2026-08-07 12:10:00-04:00,582.4299926757812,582.6099853515625,581.5900268554688,581.5999755859375,581.5999755859375,32905
2026-08-07 12:15:00-04:00,581.52001953125,582.3049926757812,581.0999755859375,581.1500244140625,581.1500244140625,35775
2026-08-07 12:20:00-04:00,581.1400146484375,581.969970703125,579.5549926757812,579.5549926757812,579.5549926757812,54611
2026-08-07 12:25:00-04:00,579.510009765625,579.8900146484375,578.0,578.5601196289062,578.5601196289062,55761
2026-08-07 12:30:00-04:00,578.9400024414062,579.6599731445312,577.1010131835938,579.5,579.5,160601
2026-08-07 12:35:00-04:00,579.3800048828125,579.9199829101562,578.8699951171875,579.89501953125,579.89501953125,27170
2026-08-07 12:40:00-04:00,579.9199829101562,580.4119262695312,579.22998046875,579.7999877929688,579.7999877929688,54747
2026-08-07 12:45:00-04:00,579.7949829101562,580.5999755859375,579.7949829101562,580.5999755859375,580.5999755859375,35660
2026-08-07 12:50:00-04:00,580.5999755859375,580.8400268554688,579.510009765625,579.5549926757812,579.5549926757812,20020
2026-08-07 12:55:00-04:00,579.6599731445312,580.5650024414062,579.5050048828125,579.72998046875,579.72998046875,2961
2026-08-07 13:00:00-04:00,579.7000122070312,580.4249877929688,579.1300048828125,580.0399780273438,580.0399780273438,45031
2026-08-07 13:05:00-04:00,580.114990234375,581.1900024414062,580.114990234375,581.0441284179688,581.0441284179688,49581
2026-08-07 13:10:00-04:00,580.9500122070312,581.1099853515625,579.780029296875,579.780029296875,579.780029296875,18179
2026-08-07 13:15:00-04:00,579.5,581.1699829101562,579.4749755859375,581.14501953125,581.14501953125,37762
2026-08-07 13:20:00-04:00,581.2100219726562,581.52001953125,580.4500122070312,580.510009765625,580.510009765625,22240
2026-08-07 13:25:00-04:00,580.3206787109375,581.2349853515625,580.25,580.8499755859375,580.8499755859375,27636
2026-08-07 13:30:00-04:00,580.9400024414062,581.010009765625,580.239990234375,580.530029296875,580.530029296875,27370
2026-08-07 13:35:00-04:00,580.614990234375,581.0,580.3400268554688,580.885009765625,580.885009765625,18513
2026-08-07 13:40:00-04:00,580.85498046875,580.8800048828125,580.1599731445312,580.5,580.5,24933
2026-08-07 13:45:00-04:00,580.405029296875,580.760009765625,580.27001953125,580.4500122070312,580.4500122070312,17717
2026-08-07 13:50:00-04:00,580.5457153320312,580.72998046875,579.9301147460938,580.22998046875,580.22998046875,23515
2026-08-07 13:55:00-04:00,580.25,580.9625244140625,580.1199951171875,580.52001953125,580.52001953125,41860
2026-08-07 14:00:00-04:00,580.47998046875,580.989990234375,580.239990234375,580.489990234375,580.489990234375,17766
2026-08-07 14:05:00-04:00,580.5399780273438,580.89501953125,580.1901245117188,580.739990234375,580.739990234375,11755
2026-08-07 14:10:00-04:00,580.8900146484375,580.8900146484375,579.530029296875,579.635009765625,579.635009765625,15432
2026-08-07 14:15:00-04:00,579.6649780273438,580.2849731445312,579.5499877929688,579.97998046875,579.97998046875,31866
2026-08-07 14:20:00-04:00,580.0399780273438,580.0999755859375,579.39501953125,579.52001953125,579.52001953125,15258
2026-08-07 14:25:00-04:00,579.52001953125,579.52001953125,578.7000732421875,578.760009765625,578.760009765625,22274
2026-08-07 14:30:00-04:00,578.77001953125,579.9000244140625,578.556884765625,578.989990234375,578.989990234375,30462
2026-08-07 14:35:00-04:00,579.0599975585938,579.4000244140625,578.6400146484375,579.2144775390625,579.2144775390625,35444
2026-08-07 14:40:00-04:00,579.280029296875,579.2999877929688,578.5900268554688,578.5900268554688,578.5900268554688,55230
2026-08-07 14:45:00-04:00,578.6318969726562,579.4000244140625,578.4199829101562,579.3400268554688,579.3400268554688,31974
2026-08-07 14:50:00-04:00,579.4500122070312,579.7750244140625,579.3900146484375,579.4650268554688,579.4650268554688,28962
2026-08-07 14:55:00-04:00,579.469970703125,580.0,578.9400024414062,579.9229125976562,579.9229125976562,59179
2026-08-07 15:00:00-04:00,580.0050048828125,581.5750122070312,579.9600219726562,580.3499755859375,580.3499755859375,84285
2026-08-07 15:05:00-04:00,580.3400268554688,582.1300048828125,580.3400268554688,582.0499877929688,582.0499877929688,38712
2026-08-07 15:10:00-04:00,582.3499755859375,582.5,581.6599731445312,581.6599731445312,581.6599731445312,118399
2026-08-07 15:15:00-04:00,581.8701782226562,582.5549926757812,581.4500122070312,581.4749755859375,581.4749755859375,62513
2026-08-07 15:20:00-04:00,581.4650268554688,582.1799926757812,580.7999877929688,580.8250122070312,580.8250122070312,47920
2026-08-07 15:25:00-04:00,580.844970703125,581.4600219726562,580.77001953125,581.4099731445312,581.4099731445312,43023
2026-08-07 15:30:00-04:00,581.3099975585938,581.3699951171875,579.6599731445312,579.8298950195312,579.8298950195312,56190
2026-08-07 15:35:00-04:00,579.77001953125,580.780029296875,579.7449951171875,580.469970703125,580.469970703125,43856
2026-08-07 15:40:00-04:00,580.4204711914062,580.5999755859375,579.689208984375,579.8150024414062,579.8150024414062,92838
2026-08-07 15:45:00-04:00,579.7899780273438,580.1749877929688,579.4199829101562,579.6950073242188,579.6950073242188,103158
2026-08-07 15:50:00-04:00,579.6300048828125,581.9600219726562,579.6300048828125,581.77001953125,581.77001953125,224909
2026-08-07 15:55:00-04:00,581.8300170898438,583.3800048828125,581.0999755859375,582.8120727539062,582.8120727539062,400116
