Date,OPEN,HIGH,LOW,CLOSE,ADJ CLOSE,VOLUME
2025-08-08,336.3800048828125,345.7099914550781,335.75,343.989990234375,343.989990234375,683700
2025-08-11,343.19000244140625,345.2099914550781,330.1499938964844,332.4100036621094,332.4100036621094,574200
2025-08-12,339.8299865722656,349.2099914550781,334.510009765625,348.3299865722656,348.3299865722656,495500
2025-08-13,352.8999938964844,356.54998779296875,326.9100036621094,337.30999755859375,337.30999755859375,834700
2025-08-14,322.4100036621094,324.45001220703125,310.0799865722656,322.0799865722656,322.0799865722656,1334500
2025-08-15,321.989990234375,332.239990234375,315.80999755859375,329.79998779296875,329.79998779296875,866700
2025-08-18,328.239990234375,331.760009765625,323.4200134277344,327.1199951171875,327.1199951171875,1225800
2025-08-19,288.75,297.1099853515625,282.0,285.2300109863281,285.2300109863281,2106200
2025-08-20,286.4700012207031,288.8800048828125,274.4100036621094,280.3299865722656,280.3299865722656,885800
2025-08-21,279.5799865722656,281.1099853515625,272.489990234375,277.0400085449219,277.0400085449219,680100
2025-08-22,277.7099914550781,295.6099853515625,275.2200012207031,294.3500061035156,294.3500061035156,1291300
2025-08-25,303.3800048828125,313.8999938964844,303.1000061035156,312.2799987792969,312.2799987792969,888600
2025-08-26,312.0299987792969,331.69000244140625,309.9100036621094,330.6600036621094,330.6600036621094,1166800
2025-08-27,328.0,336.5,328.0,332.3399963378906,332.3399963378906,982900
2025-08-28,335.4100036621094,360.0,334.3299865722656,355.04998779296875,355.04998779296875,1258500
2025-08-29,350.2200012207031,352.5,327.67999267578125,331.2900085449219,331.2900085449219,1004400
2025-09-02,317.5,335.7099914550781,313.0,335.70001220703125,335.70001220703125,737100
2025-09-03,337.55999755859375,339.1600036621094,333.05999755859375,337.5299987792969,337.5299987792969,498400
2025-09-04,347.9700012207031,362.4800109863281,342.44000244140625,362.1600036621094,362.1600036621094,772500
2025-09-05,368.2300109863281,377.55999755859375,362.3599853515625,370.0299987792969,370.0299987792969,914700
2025-09-08,374.5,378.1700134277344,364.7300109863281,370.6700134277344,370.6700134277344,619600
2025-09-09,370.7799987792969,372.9599914550781,365.6000061035156,369.0899963378906,369.0899963378906,428800
2025-09-10,378.9200134277344,380.010009765625,363.6400146484375,372.57000732421875,372.57000732421875,742200
2025-09-11,374.3800048828125,376.239990234375,361.8999938964844,362.1600036621094,362.1600036621094,685800
2025-09-12,361.20001220703125,366.9200134277344,356.20001220703125,358.0,358.0,857600
2025-09-15,359.1199951171875,368.25,357.0799865722656,359.0,359.0,566100
2025-09-16,358.70001220703125,366.9700012207031,354.4700012207031,355.5299987792969,355.5299987792969,924700
2025-09-17,355.6000061035156,361.4200134277344,348.010009765625,358.2099914550781,358.2099914550781,539600
2025-09-18,367.07000732421875,381.6600036621094,362.0,378.010009765625,378.010009765625,706500
2025-09-19,376.760009765625,384.4800109863281,370.20001220703125,383.1300048828125,383.1300048828125,988100
2025-09-22,383.1300048828125,391.1199951171875,381.32000732421875,389.4700012207031,389.4700012207031,394900
2025-09-23,393.2799987792969,397.260009765625,379.5299987792969,380.2099914550781,380.2099914550781,511300
2025-09-24,381.6199951171875,386.4700012207031,365.0,366.6600036621094,366.6600036621094,566100
2025-09-25,357.8900146484375,365.07000732421875,354.4100036621094,360.95001220703125,360.95001220703125,555800
2025-09-26,362.1700134277344,363.1199951171875,354.7900085449219,358.8999938964844,358.8999938964844,293800
2025-09-29,364.8699951171875,366.7900085449219,360.2200012207031,363.80999755859375,363.80999755859375,302200
2025-09-30,365.70001220703125,369.1300048828125,355.5,364.6199951171875,364.6199951171875,472300
2025-10-01,360.0,374.3399963378906,358.55999755859375,371.32000732421875,371.32000732421875,376200
2025-10-02,378.9100036621094,379.4599914550781,366.3699951171875,369.55999755859375,369.55999755859375,328000
2025-10-03,371.9100036621094,376.9100036621094,360.4200134277344,366.0,366.0,380000
2025-10-06,373.6199951171875,380.3800048828125,362.8999938964844,370.2900085449219,370.2900085449219,483500
2025-10-07,370.9599914550781,372.2300109863281,358.2799987792969,370.1700134277344,370.1700134277344,378700
2025-10-08,371.3599853515625,383.7900085449219,369.67999267578125,383.42999267578125,383.42999267578125,275000
2025-10-09,380.67999267578125,383.760009765625,372.79998779296875,382.239990234375,382.239990234375,346000
2025-10-10,384.7200012207031,384.7200012207031,361.19000244140625,361.94000244140625,361.94000244140625,602100
2025-10-13,381.55999755859375,383.7699890136719,370.5799865722656,382.6000061035156,382.6000061035156,409900
2025-10-14,371.0,379.92999267578125,366.489990234375,375.239990234375,375.239990234375,256300
2025-10-15,384.5799865722656,399.0,382.19000244140625,398.3399963378906,398.3399963378906,475700
2025-10-16,412.0299987792969,432.0,409.1700134277344,412.4599914550781,412.4599914550781,896200
2025-10-17,410.9700012207031,421.5799865722656,402.3500061035156,409.8999938964844,409.8999938964844,477700
2025-10-20,415.0,418.4800109863281,406.8800048828125,407.54998779296875,407.54998779296875,451500
2025-10-21,410.0,417.489990234375,404.5199890136719,415.9800109863281,415.9800109863281,464800
2025-10-22,406.7799987792969,421.2099914550781,386.04998779296875,400.239990234375,400.239990234375,674500
2025-10-23,403.4800109863281,420.4800109863281,403.4800109863281,414.989990234375,414.989990234375,359500
2025-10-24,425.0,428.79998779296875,416.19000244140625,421.0,421.0,802700
2025-10-27,430.989990234375,433.0,418.6600036621094,423.6099853515625,423.6099853515625,394900
2025-10-28,428.70001220703125,441.0199890136719,418.010009765625,437.55999755859375,437.55999755859375,518200
2025-10-29,444.05999755859375,453.1199951171875,440.489990234375,443.9200134277344,443.9200134277344,800500
2025-10-30,436.4800109863281,444.4100036621094,433.5799865722656,438.0,438.0,576000
2025-10-31,440.489990234375,451.6099853515625,436.989990234375,440.57000732421875,440.57000732421875,880500
2025-11-03,446.9100036621094,450.6199951171875,435.0,443.0,443.0,1303200
2025-11-04,460.0,498.0,436.0,459.6000061035156,459.6000061035156,1377800
2025-11-05,460.8500061035156,491.3800048828125,460.3500061035156,486.9100036621094,486.9100036621094,846100
2025-11-06,490.57000732421875,495.0,450.9200134277344,461.239990234375,461.239990234375,752000
2025-11-07,445.0,449.239990234375,433.0,449.1300048828125,449.1300048828125,720700
2025-11-10,460.0,467.9100036621094,451.07000732421875,467.2300109863281,467.2300109863281,589800
2025-11-11,458.739990234375,459.69000244140625,440.8299865722656,449.2900085449219,449.2900085449219,535500
2025-11-12,453.1000061035156,459.25,442.17999267578125,447.489990234375,447.489990234375,455700
2025-11-13,440.04998779296875,442.70001220703125,395.69000244140625,402.4700012207031,402.4700012207031,941000
2025-11-14,386.3599853515625,418.6000061035156,375.4599914550781,413.32000732421875,413.32000732421875,844900
2025-11-17,415.0,426.79998779296875,405.0,416.6400146484375,416.6400146484375,519100
2025-11-18,412.6099853515625,418.9599914550781,400.0,409.25,409.25,523600
2025-11-19,412.0400085449219,426.75,410.5400085449219,416.69000244140625,416.69000244140625,469400
2025-11-20,435.95001220703125,439.95001220703125,382.0,387.2200012207031,387.2200012207031,927900
2025-11-21,388.07000732421875,393.4800109863281,370.9100036621094,390.4599914550781,390.4599914550781,752800
2025-11-24,392.07000732421875,416.69000244140625,392.07000732421875,416.3500061035156,416.3500061035156,533300
2025-11-25,411.75,431.1199951171875,403.19000244140625,429.69000244140625,429.69000244140625,738700
2025-11-26,437.67999267578125,456.1400146484375,437.4700012207031,449.05999755859375,449.05999755859375,817900
2025-11-28,450.92999267578125,459.4200134277344,446.010009765625,459.4100036621094,459.4100036621094,275200
2025-12-01,450.0,455.29998779296875,439.2900085449219,449.5899963378906,449.5899963378906,641700
2025-12-02,455.3999938964844,465.29998779296875,438.80999755859375,441.5799865722656,441.5799865722656,499300
2025-12-03,440.3299865722656,448.55999755859375,425.2900085449219,447.30999755859375,447.30999755859375,364200
2025-12-04,445.1000061035156,473.010009765625,445.1000061035156,471.7799987792969,471.7799987792969,464000
2025-12-05,476.5,484.79998779296875,469.5799865722656,478.45001220703125,478.45001220703125,532000
2025-12-08,483.0199890136719,492.9599914550781,479.8699951171875,491.0299987792969,491.0299987792969,524500
2025-12-09,487.07000732421875,499.9700012207031,484.32000732421875,498.45001220703125,498.45001220703125,460100
2025-12-10,496.04998779296875,527.0,485.4200134277344,516.6300048828125,516.6300048828125,702300
2025-12-11,520.6099853515625,531.219970703125,502.3900146484375,528.1699829101562,528.1699829101562,459600
2025-12-12,519.9299926757812,522.6099853515625,463.010009765625,470.8900146484375,470.8900146484375,726600
2025-12-15,482.0,485.44000244140625,468.3599853515625,470.0199890136719,470.0199890136719,587700
2025-12-16,467.1700134277344,471.3800048828125,443.7300109863281,451.1600036621094,451.1600036621094,611000
2025-12-17,458.94000244140625,463.19000244140625,424.44000244140625,426.5299987792969,426.5299987792969,817800
2025-12-18,451.1700134277344,454.0,429.2900085449219,452.4599914550781,452.4599914550781,761100
2025-12-19,458.3800048828125,478.44000244140625,458.3800048828125,475.4700012207031,475.4700012207031,827400
2025-12-22,486.7200012207031,487.2699890136719,476.0,483.54998779296875,483.54998779296875,467800
2025-12-23,481.6000061035156,489.6700134277344,478.0899963378906,486.9200134277344,486.9200134277344,428900
2025-12-24,486.7799987792969,487.1099853515625,477.20001220703125,481.739990234375,481.739990234375,175000
2025-12-26,486.8999938964844,486.8999938964844,472.6600036621094,478.32000732421875,478.32000732421875,256000
2025-12-29,469.75,480.82000732421875,464.0,472.0799865722656,472.0799865722656,323500
2025-12-30,474.3399963378906,474.3399963378906,460.8500061035156,461.92999267578125,461.92999267578125,340100
2025-12-31,464.010009765625,466.6400146484375,454.1700134277344,455.2799987792969,455.2799987792969,376000
2026-01-02,464.739990234375,482.2699890136719,464.739990234375,479.4200134277344,479.4200134277344,329200
2026-01-05,488.4200134277344,492.17999267578125,438.9100036621094,456.8999938964844,456.8999938964844,778000
2026-01-06,453.0299987792969,479.3800048828125,438.4100036621094,479.1700134277344,479.1700134277344,670300
2026-01-07,471.4100036621094,482.32000732421875,453.3299865722656,470.5,470.5,625600
2026-01-08,469.3299865722656,469.6400146484375,431.07000732421875,442.94000244140625,442.94000244140625,908800
2026-01-09,440.2300109863281,449.989990234375,436.0,447.2300109863281,447.2300109863281,583500
2026-01-12,439.0,464.82000732421875,436.5,462.94000244140625,462.94000244140625,632800
2026-01-13,464.6000061035156,506.4800109863281,464.6000061035156,489.0,489.0,924200
2026-01-14,502.80999755859375,510.17999267578125,468.17999267578125,477.04998779296875,477.04998779296875,858300
2026-01-15,501.6499938964844,511.20001220703125,493.3399963378906,497.5799865722656,497.5799865722656,709300
2026-01-16,498.0,504.69000244140625,485.0,494.45001220703125,494.45001220703125,496800
2026-01-20,477.92999267578125,502.7699890136719,475.8500061035156,482.55999755859375,482.55999755859375,409200
2026-01-21,485.07000732421875,497.05999755859375,463.8500061035156,488.3599853515625,488.3599853515625,788300
2026-01-22,503.29998779296875,509.0,465.0,470.3900146484375,470.3900146484375,661400
2026-01-23,468.07000732421875,468.1400146484375,450.4200134277344,466.9100036621094,466.9100036621094,847300
2026-01-26,464.1099853515625,476.3299865722656,458.0899963378906,474.1199951171875,474.1199951171875,619300
2026-01-27,475.0,507.0,473.05999755859375,498.5899963378906,498.5899963378906,566600
2026-01-28,502.9700012207031,519.0,484.1700134277344,501.0,501.0,521700
2026-01-29,495.739990234375,508.54998779296875,487.5799865722656,496.260009765625,496.260009765625,766900
2026-01-30,501.7799987792969,528.7999877929688,484.6700134277344,489.44000244140625,489.44000244140625,808200
2026-02-02,485.0199890136719,516.6400146484375,484.4100036621094,499.6099853515625,499.6099853515625,1092100
2026-02-03,452.0,453.55999755859375,414.70001220703125,448.5299987792969,448.5299987792969,2274500
2026-02-04,453.67999267578125,465.8500061035156,412.0799865722656,423.0299987792969,423.0299987792969,1293000
2026-02-05,417.80999755859375,446.989990234375,412.4200134277344,442.70001220703125,442.70001220703125,770200
2026-02-06,460.0,509.7699890136719,456.5,503.989990234375,503.989990234375,1031800
2026-02-09,504.0,512.3800048828125,485.8399963378906,501.8900146484375,501.8900146484375,767400
2026-02-10,497.8500061035156,499.7200012207031,464.5899963378906,466.2900085449219,466.2900085449219,490400
2026-02-11,482.2300109863281,489.20001220703125,458.07000732421875,465.5299987792969,465.5299987792969,514400
2026-02-12,473.04998779296875,481.989990234375,460.7799987792969,462.04998779296875,462.04998779296875,516500
2026-02-13,472.0,504.0299987792969,464.0,495.54998779296875,495.54998779296875,592700
2026-02-17,488.1199951171875,500.8399963378906,471.42999267578125,496.7799987792969,496.7799987792969,390500
2026-02-18,496.239990234375,527.1799926757812,493.6199951171875,505.7799987792969,505.7799987792969,568000
2026-02-19,500.3299865722656,513.9400024414062,491.25,513.8300170898438,513.8300170898438,322100
2026-02-20,510.80999755859375,557.5999755859375,510.80999755859375,546.1300048828125,546.1300048828125,773200
2026-02-23,540.02001953125,577.0900268554688,540.02001953125,576.7100219726562,576.7100219726562,787300
2026-02-24,585.260009765625,608.280029296875,582.0,585.8699951171875,585.8699951171875,627500
2026-02-25,594.010009765625,632.989990234375,590.0,615.989990234375,615.989990234375,831600
2026-02-26,614.9000244140625,618.0,560.47998046875,562.4400024414062,562.4400024414062,1093800
2026-02-27,549.6699829101562,554.0,531.6799926757812,545.6300048828125,545.6300048828125,867500
2026-03-02,540.5,586.9000244140625,534.1500244140625,581.3699951171875,581.3699951171875,1172900
2026-03-03,556.1599731445312,567.6699829101562,530.3900146484375,553.030029296875,553.030029296875,612100
2026-03-04,568.510009765625,576.280029296875,550.010009765625,563.8699951171875,563.8699951171875,487800
2026-03-05,543.3599853515625,566.989990234375,518.2000122070312,544.4500122070312,544.4500122070312,567800
2026-03-06,521.02001953125,537.1799926757812,485.0,489.3800048828125,489.3800048828125,608200
2026-03-09,480.2099914550781,530.969970703125,471.75,527.530029296875,527.530029296875,608400
2026-03-10,534.7999877929688,564.1199951171875,534.5,543.02001953125,543.02001953125,796500
2026-03-11,535.0,538.75,512.4400024414062,524.3300170898438,524.3300170898438,437400
2026-03-12,509.6400146484375,521.239990234375,489.29998779296875,512.7999877929688,512.7999877929688,496700
2026-03-13,518.5999755859375,528.0,500.6300048828125,502.1400146484375,502.1400146484375,459300
2026-03-16,517.6500244140625,531.8900146484375,510.0,512.8200073242188,512.8200073242188,490200
2026-03-17,507.0,512.4400024414062,486.010009765625,500.0199890136719,500.0199890136719,548800
2026-03-18,506.79998779296875,514.8499755859375,495.0,500.42999267578125,500.42999267578125,601900
2026-03-19,487.92999267578125,542.5499877929688,485.0,540.75,540.75,603000
2026-03-20,538.489990234375,538.6500244140625,495.17999267578125,506.2699890136719,506.2699890136719,1055500
2026-03-23,518.739990234375,550.9500122070312,505.25,546.469970703125,546.469970703125,813800
2026-03-24,540.510009765625,605.0800170898438,540.510009765625,600.9099731445312,600.9099731445312,1199700
2026-03-25,607.010009765625,630.9199829101562,594.8800048828125,612.030029296875,612.030029296875,782400
2026-03-26,592.3400268554688,595.5,548.1400146484375,549.7000122070312,549.7000122070312,605100
2026-03-27,544.0800170898438,565.0700073242188,539.9600219726562,551.969970703125,551.969970703125,529400
2026-03-30,558.8699951171875,560.75,490.3399963378906,491.8800048828125,491.8800048828125,792700
2026-03-31,503.20001220703125,525.0,486.010009765625,521.52001953125,521.52001953125,957600
2026-04-01,531.4600219726562,548.989990234375,523.1900024414062,534.97998046875,534.97998046875,597800
2026-04-02,505.6400146484375,562.260009765625,502.010009765625,557.969970703125,557.969970703125,553500
2026-04-06,556.1900024414062,574.4199829101562,543.7899780273438,554.3499755859375,554.3499755859375,367900
2026-04-07,553.5999755859375,569.989990234375,550.0,557.719970703125,557.719970703125,440100
2026-04-08,599.47998046875,626.6500244140625,593.0,610.1799926757812,610.1799926757812,959900
2026-04-09,613.0399780273438,634.5900268554688,604.9500122070312,618.260009765625,618.260009765625,864300
2026-04-10,632.9500122070312,679.5700073242188,617.2999877929688,662.1300048828125,662.1300048828125,1073200
2026-04-13,657.25,694.8800048828125,648.6500244140625,689.8900146484375,689.8900146484375,667700
2026-04-14,701.6799926757812,708.2000122070312,675.8699951171875,681.6799926757812,681.6799926757812,727400
2026-04-15,681.75,700.489990234375,666.5399780273438,685.8099975585938,685.8099975585938,555300
2026-04-16,664.0,677.5700073242188,647.5,672.6400146484375,672.6400146484375,753400
2026-04-17,685.1799926757812,703.9400024414062,676.8300170898438,689.8900146484375,689.8900146484375,565400
2026-04-20,694.75,701.6099853515625,677.6799926757812,700.010009765625,700.010009765625,482200
2026-04-21,710.510009765625,732.1199951171875,690.02001953125,695.52001953125,695.52001953125,582100
2026-04-22,702.7999877929688,715.6699829101562,678.3099975585938,690.0599975585938,690.0599975585938,469600
2026-04-23,691.4099731445312,721.1799926757812,681.0,689.4600219726562,689.4600219726562,633900
2026-04-24,696.0,734.7899780273438,691.1199951171875,720.1900024414062,720.1900024414062,679200
2026-04-27,720.0,733.0,670.260009765625,684.760009765625,684.760009765625,760200
2026-04-28,651.97998046875,667.3499755859375,625.0,637.739990234375,637.739990234375,929800
2026-04-29,646.7999877929688,654.5399780273438,631.0,643.4600219726562,643.4600219726562,484600
2026-04-30,664.5,687.6199951171875,645.469970703125,683.469970703125,683.469970703125,601000
2026-05-01,680.0,714.0399780273438,670.52001953125,706.530029296875,706.530029296875,477400
2026-05-04,718.780029296875,729.9099731445312,697.4199829101562,717.7999877929688,717.7999877929688,1090700
2026-05-05,642.989990234375,703.1599731445312,639.8499755859375,660.3200073242188,660.3200073242188,1846500
2026-05-06,680.969970703125,683.6900024414062,640.260009765625,679.0900268554688,679.0900268554688,1088300
2026-05-07,675.989990234375,676.0,613.030029296875,626.1199951171875,626.1199951171875,1405600
2026-05-08,643.1500244140625,645.989990234375,607.8599853515625,621.280029296875,621.280029296875,763500
2026-05-11,619.4099731445312,666.5700073242188,618.6300048828125,649.530029296875,649.530029296875,981100
2026-05-12,638.780029296875,638.780029296875,605.0499877929688,634.47998046875,634.47998046875,841000
2026-05-13,652.2000122070312,708.0900268554688,640.0,696.0700073242188,696.0700073242188,1062200
2026-05-14,707.3499755859375,748.8900146484375,681.510009765625,746.469970703125,746.469970703125,842900
2026-05-15,716.7999877929688,739.25,692.1799926757812,722.0399780273438,722.0399780273438,917700
2026-05-18,717.0,717.0,654.0,700.260009765625,700.260009765625,1259900
2026-05-19,673.5999755859375,693.0599975585938,643.9500122070312,677.75,677.75,770500
2026-05-20,689.4000244140625,705.0,655.469970703125,662.2100219726562,662.2100219726562,846200
2026-05-21,666.52001953125,703.4000244140625,660.22998046875,703.27001953125,703.27001953125,618300
2026-05-22,711.9099731445312,716.989990234375,695.5700073242188,703.8599853515625,703.8599853515625,483900
2026-05-26,720.0,720.989990234375,673.0,680.77001953125,680.77001953125,720900
2026-05-27,683.22998046875,696.4400024414062,653.0,686.9000244140625,686.9000244140625,625200
2026-05-28,694.9099731445312,694.9099731445312,649.5700073242188,667.9500122070312,667.9500122070312,660700
2026-05-29,668.0,672.75,625.6799926757812,654.1599731445312,654.1599731445312,3473200
2026-06-01,627.9000244140625,650.719970703125,614.4199829101562,622.3599853515625,622.3599853515625,1046900
2026-06-02,635.260009765625,704.989990234375,632.0,701.1099853515625,701.1099853515625,1075900
2026-06-03,711.510009765625,732.6300048828125,685.010009765625,725.0,725.0,794600
2026-06-04,684.8300170898438,724.5599975585938,640.510009765625,714.780029296875,714.780029296875,831600
2026-06-05,689.989990234375,690.4000244140625,620.47998046875,621.25,621.25,919500
2026-06-08,646.4400024414062,658.0,620.030029296875,623.7100219726562,623.7100219726562,742000
2026-06-09,637.3099975585938,637.3099975585938,550.030029296875,586.0,586.0,1017800
2026-06-10,577.739990234375,616.5,563.22998046875,580.25,580.25,1152300
2026-06-11,593.8900146484375,608.0,573.280029296875,582.239990234375,582.239990234375,546600
2026-06-12,585.969970703125,617.989990234375,583.010009765625,611.010009765625,611.010009765625,655400
2026-06-15,631.6199951171875,650.9099731445312,625.0,635.5800170898438,635.5800170898438,663400
2026-06-16,639.77001953125,639.77001953125,586.5599975585938,588.030029296875,588.030029296875,701300
2026-06-17,605.0,610.469970703125,583.0,584.3800048828125,584.3800048828125,811100
2026-06-18,600.0,604.0,563.7899780273438,573.760009765625,573.760009765625,1353600
2026-06-22,577.719970703125,625.1400146484375,571.0,617.0900268554688,617.0900268554688,806300
2026-06-23,575.530029296875,596.3400268554688,562.0,583.5499877929688,583.5499877929688,674500
2026-06-24,575.969970703125,591.72998046875,555.0,568.1699829101562,568.1699829101562,938200
2026-06-25,575.3599853515625,585.0,541.0,567.7899780273438,567.7899780273438,897800
2026-06-26,550.7999877929688,554.1500244140625,520.5599975585938,524.7899780273438,524.7899780273438,7021200
2026-06-29,535.0,542.1799926757812,503.67999267578125,528.22998046875,528.22998046875,982700
2026-06-30,530.6599731445312,573.5,530.6599731445312,562.0800170898438,562.0800170898438,893800
2026-07-01,543.7899780273438,556.1099853515625,528.0,547.1799926757812,547.1799926757812,684200
2026-07-02,542.9600219726562,543.5599975585938,489.2799987792969,499.6099853515625,499.6099853515625,679600
2026-07-06,505.0,521.4099731445312,498.4200134277344,500.75,500.75,787600
2026-07-07,483.239990234375,497.0,461.0199890136719,468.4800109863281,468.4800109863281,1030500
2026-07-08,466.9100036621094,483.3900146484375,456.6700134277344,480.07000732421875,480.07000732421875,1019700
2026-07-09,495.7200012207031,507.05999755859375,481.25,482.7799987792969,482.7799987792969,697900
2026-07-10,476.510009765625,484.3399963378906,462.04998779296875,471.1300048828125,471.1300048828125,616900
2026-07-13,464.4200134277344,488.3800048828125,463.0,474.6400146484375,474.6400146484375,632100
2026-07-14,490.92999267578125,502.8999938964844,477.0199890136719,482.7799987792969,482.7799987792969,619700
2026-07-15,486.9800109863281,495.30999755859375,470.1499938964844,486.6499938964844,486.6499938964844,869900
2026-07-16,475.0,480.6700134277344,457.0400085449219,460.19000244140625,460.19000244140625,656400
2026-07-17,450.8999938964844,479.69000244140625,440.0199890136719,478.3900146484375,478.3900146484375,1062900
2026-07-20,493.80999755859375,506.95001220703125,490.17999267578125,494.260009765625,494.260009765625,1076800
2026-07-21,514.02001953125,534.1199951171875,505.3999938964844,527.3499755859375,527.3499755859375,793900
2026-07-22,510.3399963378906,527.4199829101562,510.3399963378906,513.6699829101562,513.6699829101562,413600
2026-07-23,512.0700073242188,530.9500122070312,510.0799865722656,517.72998046875,517.72998046875,403700
2026-07-24,510.8399963378906,512.0,474.0,476.0400085449219,476.0400085449219,575000
2026-07-27,477.1000061035156,484.0799865722656,454.7900085449219,470.82000732421875,470.82000732421875,802000
2026-07-28,453.0899963378906,456.0,429.4800109863281,449.7200012207031,449.7200012207031,1309900
2026-07-29,446.1499938964844,449.3999938964844,403.6199951171875,414.5,414.5,812800
2026-07-30,440.57000732421875,449.9200134277344,432.2900085449219,439.3299865722656,439.3299865722656,811700
2026-07-31,458.79998779296875,467.9800109863281,432.70001220703125,435.4100036621094,435.4100036621094,885300
2026-08-03,417.3500061035156,458.67999267578125,411.2300109863281,455.94000244140625,455.94000244140625,760500
2026-08-04,525.0,542.8800048828125,505.0,531.030029296875,531.030029296875,1456100
2026-08-05,522.219970703125,545.52001953125,511.2300109863281,522.219970703125,522.219970703125,564300
2026-08-06,510.989990234375,555.4000244140625,502.0,543.9500122070312,543.9500122070312,687200
2026-08-07,563.0,579.469970703125,554.469970703125,562.3800048828125,562.3800048828125,608705
